start_time,model_name,model_pkl_path,device,learning_rate,batch size,encoder_sequence_length,decoder_sequence_length,best_train_l1_loss,best_train_mse_loss,best_valid_l1_loss,best_valid_mse_loss,epoch_for_best_valid_loss,train_mse_curve,valid_mse_curve,num_hidden_state,num_layer
10:46.1,ANN_nD_train_valid,../rnn_model/saved_pkl_model/ANN_nD.pkl,cuda:0,2.9999999999999997e-05,64.0,40.0,4.0,0.478923515,0.34711371700000004,0.260751645,0.13957655,35/55,"[0.11618400867326296, 0.12506051905073243, 0.10752758335842526, 0.11099278515498019, 0.0982134744789278, 0.11254925838363937, 0.14761279614233389, 0.16322978647082978, 0.137379095899953, 0.13750600041677047, 0.15495825621677345, 0.13679540274611068, 0.1441259789228968, 0.16169379383920301, 0.19030212556443563, 0.18961778600305781, 0.20412210026495736, 0.1851370919603202, 0.18397713947355615, 0.19964912054676173, 0.19562313469444834, 0.21685214877591164, 0.210464927117999, 0.2500637364129798, 0.2569316813594222, 0.2769353276742271, 0.29121328609481356, 0.2705992044439073, 0.28211722243783743, 0.2769624984052916, 0.3352474153306162, 0.3371904039396151, 0.30927821451967413, 0.28734138614586874, 0.32062952982018106, 0.3471137174217241, 0.31620204518084516, 0.3062778161528898, 0.3846304987592338, 0.3957744165098588, 0.30902819864104963, 0.36640055219905077, 0.4349799670295546, 0.3601076339935252, 0.37212161610766153, 0.4648670805267114, 0.34596292628285097, 0.3868825357002588, 0.44587170555692024, 0.31736909903734595, 0.4286346783130502, 0.42712769870483164, 0.3536253887044881, 0.4922494578057541, 0.3608807827905646, 0.4414139035139274]","[0.15252396505739954, 0.15669235206312604, 0.2826828559239705, 0.28140124877293904, 0.43091197278764515, 0.48012207415368824, 0.49854061504205066, 0.33058229751057094, 0.28497698671287963, 0.3351354688405991, 0.3816679742601183, 0.357510659760899, 0.1900527714027299, 0.3744161887301339, 0.4382898883687125, 0.6774134172333611, 0.3031175947851605, 0.5875351849529479, 0.35316893292797935, 0.5433140946759119, 0.28522729873657227, 0.5590940919187334, 0.2936878618266847, 0.40439705153306327, 0.5976870371235742, 0.27912652707762187, 0.5572629832559162, 0.15096726334757274, 0.8356477326816982, 0.4974723160266876, 0.25046546442641154, 0.6808970484468672, 0.4571096109019385, 0.8327482375833724, 0.2505930695268843, 0.13957655024197366, 0.8865636991129981, 0.46343964768780604, 0.3434682703680462, 0.9891845080587599, 0.37512493646807143, 0.7587363627221849, 0.7738317059146034, 0.4117910987801022, 0.9330213308334351, 0.4080812093284395, 0.885308923986223, 0.3785065763526493, 1.3444429132673474, 0.4924029333723916, 0.5098943789800008, 0.9871341784795126, 0.2606637578871515, 0.32108571612172654, 0.8688283536169265, 0.6512822055154377]",64.0,1.0
19:19.9,ANN_nD_train_valid,../rnn_model/saved_pkl_model/ANN_nD.pkl,cuda:0,2.9999999999999997e-05,64.0,40.0,4.0,0.525730982,0.397068789,0.42273529200000004,0.347154258,3/125,"[0.2162737622031087, 0.31813694976121515, 0.335261400979004, 0.3970687888942642, 0.5522519763716044, 0.5541282367547705, 0.6997118479594951, 0.7379291789098219, 0.9026111193876838, 1.1344287513100653, 1.2267491940384165, 1.2953172048549695, 1.3595598247521732, 1.4715637560694286, 1.5900623116419215, 1.6828973700360554, 1.819563229966851, 2.0148802122097056, 2.202835573061078, 2.223387050522933, 2.0380813874585137, 2.003230103896621, 2.342967346607978, 2.6618350162738706, 2.458696435137493, 2.185999692147164, 2.54742857675066, 2.986137320355671, 2.60774536460572, 2.3716915351588552, 3.0252717096366797, 3.09701826223513, 2.461195132156169, 2.9411437376639795, 3.414740884119021, 2.610028966567469, 2.9757714128811448, 3.623624428412867, 2.651042976823456, 3.1648846859413875, 3.734568372798336, 2.593529177082087, 3.556790382264723, 3.6042279848238317, 2.663378172597441, 4.053417891462203, 3.1106653070767014, 3.1691066917453266, 4.177688961282802, 2.6863177031476853, 4.028320205449529, 3.5003209658578336, 3.0956836938858032, 4.376074488041406, 2.8055802396025733, 4.143389333906829, 3.5643721512310256, 3.294094980423836, 4.396269849557306, 2.898538006911521, 4.388809313002288, 3.3664650636871745, 3.7245724433805885, 4.171806021434505, 3.1518527488750787, 4.540447724103399, 3.179257640288833, 4.250974262897297, 3.720512841598951, 3.6928849368296284, 4.296585605837024, 3.3305083579340424, 4.480038817864564, 3.4137572036878496, 4.252284579689381, 3.8170560548152204, 3.8577160840552556, 4.236236575966135, 3.5991921937650693, 4.386900131559689, 3.615164791136782, 4.269129413194508, 3.8707997508165315, 4.014278395477261, 4.153179574171349, 3.8193116875286908, 4.2974165791682815, 3.7970110651130424, 4.237159030136143, 3.9692373164741532, 4.043174001435747, 4.202893751423534, 3.8558232609818623, 4.370203129732424, 3.800085960629245, 4.366234212122577, 3.918571232163457, 4.1814408883815855, 4.170801378935245, 3.9184168215072868, 4.440351394750591, 3.7078755356520086, 4.609963890189871, 3.6617064481299626, 4.577170171653088, 3.803688730210264, 4.357698640379303, 4.0895328622170934, 4.034651229228254, 4.4184106633298414, 3.7225652401833207, 4.688177017309185, 3.5331037271842196, 4.802874086172777, 3.5342214070508327, 4.710917049395271, 3.729878239515351, 4.435362916299351, 4.076644687060506, 4.056396784116318, 4.478348286347484, 3.6736961944140245, 4.826339799390399, 3.3971051720452152, 5.025589055866995, 3.3237327678240587]","[0.6383512291643355, 0.36879551311333975, 0.5404167973332935, 0.347154258357154, 0.7421613262759315, 1.0583405607276493, 0.4643074671427409, 1.4276919272210864, 0.561343064573076, 2.602847766876221, 1.4717746045854356, 1.3587705969810486, 1.2659582085079617, 2.3246667014227973, 1.7888688908682928, 2.7724156591627334, 1.5485764609442816, 1.0891741024123298, 2.0061494151751202, 0.8641906797885894, 4.986271052890354, 1.5659937964545356, 2.3169140338897707, 2.5841777907477486, 1.649603017171224, 5.305288479063246, 1.244682068294949, 1.3797896928257412, 5.7363253858354355, 1.7646753284666272, 1.8230365845892165, 4.996752410464817, 2.2716665108998617, 2.443013342221578, 4.564865679211087, 2.5797605699963038, 2.614161189397176, 4.725987413194445, 2.786271662182278, 2.196869903140598, 5.527669927808973, 2.8560328933927748, 1.4421755101945666, 6.710246737798055, 2.685807047949897, 1.0883962591489156, 7.177554395463732, 2.474132466316223, 2.0335703399446277, 5.793974733352661, 3.182326409551832, 3.3735769033432006, 3.0515360646777685, 5.72532304128011, 3.4168577406141494, 1.2135168327225578, 7.381034729215834, 2.870414794815911, 2.362595009803772, 5.324826701482137, 4.199836513731214, 3.675712831815084, 2.063876365290748, 7.026146316528321, 3.334423157903883, 1.9385201692581178, 6.070323101679484, 4.123869283994039, 3.541245192951626, 2.6453637388017444, 6.76823320918613, 3.627579347292582, 2.032883734173245, 5.878213204277886, 4.64557458559672, 3.457700080341763, 2.730513350168864, 6.704528596666124, 4.007180057631599, 2.2266398774252996, 5.260737021764119, 5.325280830595228, 3.555349686410692, 2.5989823606279163, 6.439631064732869, 4.703698878818088, 2.4096113284428915, 4.547059069739448, 5.736791308720907, 4.062201926443312, 2.25192055967119, 5.891063086191813, 5.3840269512600365, 2.8162857876883614, 3.91177442073822, 5.773631546232435, 5.136509439680311, 1.8670813189612494, 5.362039412392511, 5.385327291488648, 3.853029383553399, 2.7982256227069433, 5.701088915930854, 5.820801613065932, 2.2907165580325657, 4.69621401892768, 5.279338105519613, 5.475209278530545, 1.687457341618008, 5.586145459281074, 5.301490926742554, 3.8848935816023085, 2.9592426300048826, 5.478129662407769, 6.046150181028578, 2.157774315940009, 4.912691540188259, 4.915497250027126, 5.934595266977946, 1.5210451894336277, 5.789755874209934, 4.9460267702738445, 4.403821611404419, 2.7485298421647815, 5.450444655948215, 5.90758138232761]",64.0,1.0
28:52.2,ANN_nD_train_valid,../rnn_model/saved_pkl_model/ANN_nD.pkl,cuda:0,1e-05,64.0,40.0,4.0,0.38523950799999995,0.225974965,0.237493785,0.079674193,5/45,"[0.23893567816480302, 0.426202218839176, 0.35690333299388377, 0.28051761722815804, 0.2708577154547042, 0.22597496498979117, 0.274568919001556, 0.29265916084833526, 0.28689921521757233, 0.2976389653865091, 0.31875862891552453, 0.3239203848589022, 0.39298226940393977, 0.39399036794834813, 0.44560690643782097, 0.46450135706533613, 0.5336625248920627, 0.5602709221469854, 0.5985387459959001, 0.644203995290458, 0.7215871770273555, 0.731518039153579, 0.7205273666958059, 0.7861195872073163, 0.9052294451751625, 0.9505802020926168, 0.8950025164367355, 0.8861817011812045, 0.9570052375285959, 0.9353796492130423, 0.8818242043719323, 1.1038473317040307, 1.3172436799614498, 1.0472894668612143, 0.8263793276775703, 1.205844036722659, 1.4240499346985784, 1.0704312418358288, 1.0355919135647709, 1.370999380648797, 1.3126448638687642, 1.153209990117608, 1.2787920448045245, 1.365178709812545, 1.3294595316085478, 1.2723966028103544]","[0.18458643795715438, 0.2753945655292935, 0.7968809266885122, 1.1491144273016187, 0.08373585740725199, 0.07967419260078007, 0.7738061388333638, 0.46015815966659124, 0.574202909734514, 0.08383340860406557, 0.4637628995709949, 0.3356222990486357, 0.5335217128197353, 0.4612711621655358, 1.0178823338614569, 0.21892043534252378, 1.47441422674391, 0.557707119650311, 0.4600298093424903, 0.48822095692157746, 0.6445906387435065, 1.4387246224615309, 0.7504523522324033, 1.0204019460413192, 0.6455482774310641, 0.33650818334685434, 1.9851393540700277, 0.4434758245944977, 2.3313866085476347, 1.2141225510173375, 1.6265388568242392, 0.6597690959771474, 0.5228780766328176, 2.638226220342848, 1.3650672475496928, 1.1684790346357556, 1.131846973631117, 1.5794046958287558, 2.3657026953167386, 0.6303893566131592, 1.4129119806819492, 2.6989490535524157, 0.7532588846153683, 1.4558544172181023, 2.638870988951789, 0.9519598583380381]",64.0,1.0
56:06.4,ANN_nD_train_valid,../rnn_model/saved_pkl_model/ANN_nD.pkl,cuda:0,1e-06,64.0,5.0,4.0,0.028018651000000002,0.00142093,0.02990593,0.00176438,50/95,"[0.0026392166934346584, 0.002196523227770067, 0.00209112581861262, 0.0019484671724841864, 0.001882157989234782, 0.001868007050824573, 0.0018857656566436448, 0.001872826389484725, 0.0018569606482385765, 0.001833894486521057, 0.0017572072172506573, 0.0016982019181075142, 0.0017158266163986814, 0.0017016265655157687, 0.001641578219820699, 0.0016332533202797833, 0.001653063908548645, 0.0016241822625222252, 0.001619288720028444, 0.0016242020167873462, 0.0015806798226308098, 0.0015964630395637115, 0.0015811815922848304, 0.001551818286225673, 0.0015541665147969406, 0.0015210139319797185, 0.0015305905420852836, 0.001509762988798835, 0.0015097407856312945, 0.0015042916849417644, 0.0015008186323964422, 0.001499278619126494, 0.001494312035344356, 0.0014907182940379691, 0.0014887874690656298, 0.0014815143112077774, 0.0014910933916014492, 0.0014825001910833118, 0.0014785897957601004, 0.0014764626332924016, 0.0014720556496009643, 0.0014585402626312693, 0.001451895647175425, 0.0014564632799911174, 0.0014366717511937227, 0.0014400813089894614, 0.0014323164649096766, 0.00143231518273319, 0.0014238605818914466, 0.0014228563937770191, 0.001420930307101232, 0.00142065297879114, 0.0014220424922947253, 0.0014210551737895163, 0.0014200976548731862, 0.001418770739367458, 0.001418391381549901, 0.0014170602493654442, 0.0014169907635682422, 0.001416547390991225, 0.0014145670083058144, 0.0014111402930784456, 0.0014125442744016606, 0.0014135815571087993, 0.0014173047149487004, 0.0014113403994394519, 0.0014160736000875412, 0.0014161240823698123, 0.0014155055589212403, 0.0014152044045432723, 0.0014165435119812475, 0.0014158522556484445, 0.0014149063412815291, 0.0014181459045683378, 0.0014168662927563698, 0.0014100098625167649, 0.0014091442898366065, 0.0014115923472798496, 0.0014127008698929554, 0.0014107776977808745, 0.0014114387264894579, 0.001413440039813601, 0.0014166600041629139, 0.0014172517909997694, 0.0014142317916729708, 0.001413426321457804, 0.0014135129685457076, 0.0014126923662682387, 0.0014158169949910918, 0.0014155673482828357, 0.0014182454726314017, 0.001420543026127621, 0.0014142406572464298, 0.0014187889974384225, 0.001418898501163297, 0.001420598459920141]","[0.002263121070227698, 0.0021416016708506822, 0.0021594660868356516, 0.0021169895093867577, 0.0020708788280979127, 0.002060865431993299, 0.0020310893657381882, 0.001976716109541255, 0.0019771824437347088, 0.001989006499790556, 0.0020406285779305047, 0.001900143709013259, 0.0017950844255040636, 0.0018471861238959807, 0.0019383178460974616, 0.0018258707669491952, 0.0017860395473090337, 0.0019335337648434298, 0.0018166151348051134, 0.0017935405139923916, 0.0018780202455153422, 0.0018372702991825292, 0.0018770730872587351, 0.0018270034656430094, 0.001823427998025871, 0.0017881790204178336, 0.0017726808283631537, 0.0017975474967477987, 0.0017966384920138087, 0.0018017048107020065, 0.0017743406793010513, 0.0017754911204574855, 0.001803577989518929, 0.0017807181556146222, 0.0017910861770960166, 0.001807120336337363, 0.001819587421378346, 0.001779799150036914, 0.0018211820541502355, 0.001817011482921521, 0.0018137202823309453, 0.0018182741004748495, 0.001779017037364071, 0.0017702873357428382, 0.0017872476933657058, 0.001776979049631896, 0.001777124887327203, 0.0017694174919717506, 0.0017760446343755166, 0.0017776637924016342, 0.0017643797935426727, 0.0017656856011803988, 0.001780037935132386, 0.0017663928927024724, 0.0017647989046923652, 0.001773843405497066, 0.0017802613297385255, 0.001766847186225497, 0.0017713254680959405, 0.001771987541220509, 0.001770704634779307, 0.0017746181059679898, 0.0017664006061770103, 0.0017767033500054462, 0.0017798581163163533, 0.0017735554355677668, 0.0017881506656112333, 0.00178036468607568, 0.0017725575573302314, 0.0017813429739172723, 0.0017809239376060009, 0.001782071376910208, 0.0017806401573489982, 0.0017877165170560416, 0.0017802452190093451, 0.001778252782929525, 0.00178929313615599, 0.001791604353846716, 0.0017771560591287338, 0.001778552528716378, 0.0017796335984942514, 0.001790860263569342, 0.001792854053776834, 0.0017849206412722776, 0.0017828174488066317, 0.0017790706024842931, 0.0017771575277527939, 0.0017755164446278506, 0.0017791541138469436, 0.0017796367845641305, 0.0017762386309146717, 0.0017829533176404516, 0.001779198737374947, 0.0017806363591392124, 0.0017840637982782018, 0.001782063369838787]",64.0,1.0
56:17.6,ANN_nD_train_valid,../rnn_model/saved_pkl_model/ANN_nD.pkl,cuda:0,1e-06,64.0,10.0,4.0,0.030618145,0.001634129,0.029988268,0.0017630179999999999,7/95,"[0.0021239657634200314, 0.0018979871500211444, 0.0018023808264219876, 0.001730133177331798, 0.0017074694148218517, 0.0016787006688247647, 0.0016693788341334017, 0.0016341293838456562, 0.0016115154364810052, 0.0015909465879474596, 0.001559741049619052, 0.0015205396175286758, 0.0015200131292357135, 0.0015241364888635913, 0.0014882903952583753, 0.0014764365758772589, 0.0014848101997326092, 0.0014618383878095909, 0.0014585509123820914, 0.001454915722397295, 0.0014452940922034957, 0.001441428349713553, 0.001436775893703597, 0.0014249132048899504, 0.0014189486940152098, 0.0014142968736264793, 0.0014069904057110933, 0.0014061997995135575, 0.0013969202005903838, 0.0013943926316431275, 0.0013868437090422958, 0.001383904658080444, 0.00138739789196146, 0.0013774727239306934, 0.0013759000201449725, 0.0013738130933208938, 0.0013692886005824648, 0.001370568674035854, 0.001362091745249927, 0.0013658538285786935, 0.0013610535235020708, 0.0013588048795557153, 0.0013572092298919963, 0.0013498773964608181, 0.0013548731141420113, 0.0013523856959388031, 0.0013506949613274729, 0.0013466827497104934, 0.0013456771392066505, 0.0013423934432572444, 0.0013429162961441138, 0.001343629718661689, 0.0013412441384595259, 0.001338664382967573, 0.0013400057590571722, 0.001338292046891299, 0.0013359279832635487, 0.0013349132833601032, 0.0013337652321174247, 0.0013383492066535213, 0.0013328065480831084, 0.0013335230850321318, 0.0013321868932834255, 0.0013330391203297703, 0.0013303012017595443, 0.001330174418559905, 0.0013296623990513405, 0.0013308281102089098, 0.0013278243866767117, 0.0013316079396278552, 0.0013307623463253188, 0.00133174847334222, 0.0013254962891124148, 0.0013284939641933064, 0.001327221713881703, 0.0013303377384831872, 0.0013300098187112614, 0.0013301493661112837, 0.0013304659879691796, 0.001331721599894262, 0.0013301846788661008, 0.001335079481668297, 0.0013324305782086879, 0.0013354575129300458, 0.001333148561344734, 0.0013323916154154654, 0.0013329266338642605, 0.0013316049941915773, 0.001335767695123268, 0.0013384891820888843, 0.0013371170639930015, 0.0013383463311629133, 0.0013402658004959458, 0.0013384004776335182, 0.001340258086533723, 0.0013438484947279467]","[0.0019570244194755514, 0.0020163024975253002, 0.0017845218554702026, 0.0019083357707771298, 0.0018470882320428615, 0.0018200724818078534, 0.0017799471267038486, 0.0017630177924849585, 0.001789838953869888, 0.0018210382831467132, 0.0018602515932858235, 0.0018425419661830496, 0.001778665896131565, 0.0017780210569521393, 0.0018167553858442621, 0.001779092757855184, 0.0017811617734688487, 0.0018100711065446855, 0.0017845456617638714, 0.001786290392903918, 0.0017910850308528476, 0.0017799097401151372, 0.0018076483393087983, 0.0017895467200695159, 0.001777922227379999, 0.0017985384585079993, 0.0017969372015763688, 0.0017863345808339316, 0.00178943841416225, 0.0017803868811045373, 0.0017847616390509347, 0.0017736609308765484, 0.0017818174021738162, 0.001791276411245485, 0.0017764502560597036, 0.0017795063207273955, 0.0017844407958654011, 0.0017813334227437256, 0.0017812159775940518, 0.001783421652002649, 0.0017892312332680755, 0.0017891360343188292, 0.0017796724972028572, 0.0017944444463445018, 0.0017855544357079562, 0.0017787095390843575, 0.001781322209773442, 0.001791336001178434, 0.0017802772850340621, 0.0017799601095708107, 0.0017846202065881628, 0.0017835601964699371, 0.0017816418523460135, 0.001785637325336031, 0.001787975680589635, 0.0017875822978657108, 0.0017836685804138472, 0.0017904369218100969, 0.0017930034478962585, 0.0017816644919278857, 0.0017872821529406112, 0.0017914702561888638, 0.0017848373851278327, 0.0017891220465701605, 0.0017854992676383029, 0.0017972723113956277, 0.0017862368284233406, 0.0017862774055594434, 0.001796494132537231, 0.0017911445549024002, 0.0017894030853102987, 0.0017915649837200213, 0.0017947115798501278, 0.0017928002417537865, 0.0017893660345350156, 0.00179298422593562, 0.0017915487885577501, 0.001791986980306619, 0.0017940704250237443, 0.0017950694782884566, 0.0017889473218839246, 0.0017929997968047365, 0.001794963728401114, 0.0017910994196586967, 0.0017902383921094812, 0.0018049134869015887, 0.0017927358090713784, 0.0017901068677419571, 0.0018078066967683588, 0.0017933995113708079, 0.0017914267462821533, 0.0018031114941350296, 0.0017956712214112446, 0.0017986434139567172, 0.0018049458081445115, 0.0017910591412366337]",64.0,1.0
56:23.2,ANN_nD_train_valid,../rnn_model/saved_pkl_model/ANN_nD.pkl,cuda:0,1e-06,64.0,20.0,4.0,0.030383921,0.001576965,0.030268099,0.0017426470000000002,13/95,"[0.0028289215329221516, 0.002220136970500282, 0.001964027144063717, 0.0018569800657997145, 0.0018468462307011267, 0.0017363129657029447, 0.001702951387314445, 0.001708252251904602, 0.0016897704641370731, 0.0017073343354225858, 0.0016662869149000894, 0.001612821593559064, 0.0015425098180714275, 0.0015769651650389379, 0.0015600500750556094, 0.0014633431976650796, 0.001521754320723761, 0.0014422869715628663, 0.0014717606563913477, 0.0014308846879812235, 0.0014293433870677709, 0.0014182001127840858, 0.0014121074455234516, 0.0013939392968731834, 0.0013972317911838876, 0.001389131021206087, 0.001390017339932727, 0.0013796011047394051, 0.001387096901272439, 0.001372903504715049, 0.0013849349048963712, 0.0013670515737275062, 0.0013712692884561087, 0.0013694074696305502, 0.0013682056449608395, 0.001367383633800705, 0.0013709835308084253, 0.0013645534969297707, 0.001364086738058227, 0.001352545576303868, 0.0013455561402727187, 0.0013417157541332735, 0.0013476509441047886, 0.0013343984758332167, 0.0013254648619601555, 0.0013275963051028509, 0.0013258901084786106, 0.0013179446600161452, 0.0013218831593487207, 0.0013145097344534893, 0.0013172366213856151, 0.0013227785621687399, 0.001315812800093734, 0.0013133822115413453, 0.0013145221539101568, 0.0013091876624970187, 0.001305638086494542, 0.001308468314696834, 0.0013005841593836944, 0.0013012746146375837, 0.001302800497113475, 0.0013040912203176862, 0.0013032883916369211, 0.0012970496839277692, 0.0012998475290536468, 0.0012960982961111923, 0.001295291561728539, 0.0012969642545377002, 0.001295332668396742, 0.001285691795907966, 0.0012917126035600778, 0.0012871387777386944, 0.0012905810202615985, 0.0012868654675259467, 0.0012886626629843197, 0.0012927829950098565, 0.0012893954012800234, 0.001286804038505147, 0.0012860606769897374, 0.001293882484501485, 0.0012898960091927453, 0.0012931108874466928, 0.001297122232541339, 0.0012926018596832636, 0.001301443750020734, 0.0013142408477013817, 0.0013077838204219648, 0.0013116825502545917, 0.0013171384084998058, 0.0013192703456036457, 0.0013266201142301444, 0.0013320622822586242, 0.0013308842878374503, 0.0013336056278367625, 0.0013341476857142512, 0.0013333662020400146]","[0.0027451655791642573, 0.002514666208618699, 0.0019342623187924971, 0.0017649010284343264, 0.0019276390200132852, 0.0020680693694605278, 0.002115342479485732, 0.0019635330504420533, 0.0018464239598200707, 0.001749789428636227, 0.0018213842464559762, 0.0020138100493228535, 0.0019300951133738016, 0.0017426468138992378, 0.0018973417546866195, 0.0018280408943870238, 0.0017672760353249673, 0.0018601621850393713, 0.0017429910655194832, 0.0018485573825303588, 0.0017507729679601943, 0.001815326002702772, 0.0017558279412716708, 0.0017964540204227707, 0.0017645102919202175, 0.0018082943445603763, 0.001766036067587825, 0.0018061610325086084, 0.001762779764728723, 0.0018056931260686654, 0.00180696289676784, 0.001765318921700652, 0.0017766390113507981, 0.001807578456214537, 0.001825977035588329, 0.0018029650743631134, 0.0018133011001806993, 0.0017935099773579738, 0.0018205394492494863, 0.0018092363319298314, 0.0018245983833017258, 0.001780250017623325, 0.001764242149695017, 0.0018012126687668509, 0.0017743821845615057, 0.0017855276441928205, 0.0017835203184654097, 0.0017792116223762815, 0.0017780456020353506, 0.0017724201853315418, 0.0018122908812794056, 0.001767080336051819, 0.0018063318579212076, 0.0017837334870729226, 0.0018061524919735698, 0.0017746566931696628, 0.0017976121980809495, 0.0017817667506348628, 0.0017940244089893916, 0.0017747582405918166, 0.0018093529244332196, 0.0017757639570345918, 0.0017990683535482365, 0.0017872734934316723, 0.0017669587063470057, 0.001809969337165847, 0.0017566507481355834, 0.0018013534545489064, 0.0017801967205142008, 0.0017625852782217847, 0.0017921221122698305, 0.0017711530697972074, 0.0018015354737424506, 0.0017736731116291505, 0.0017689937926511597, 0.0018177339321022834, 0.0017675255856394849, 0.0017689331620164052, 0.0018075961500641654, 0.0017690645303106405, 0.0017718090854871732, 0.0018114111703503263, 0.0017778696274835166, 0.00177787391630073, 0.0018176693823649087, 0.0017906100787273558, 0.0017918169339811735, 0.0017975900062503149, 0.0018004509153427904, 0.0018619653489952395, 0.0018132299947255588, 0.001828055521780318, 0.001781097114991888, 0.0018146842523672423, 0.0017876009390290295, 0.0018394238412748653]",64.0,1.0
29:32.0,ANN_nD_train_valid,../rnn_model/saved_pkl_model/ANN_nD.pkl,cuda:0,1e-06,64.0,20.0,4.0,0.030191396000000002,0.0015635710000000001,0.030310382,0.00174686,37/95,"[0.007897441685765734, 0.005226927300662996, 0.003612322191249847, 0.0029623668308971832, 0.0030233583416923553, 0.0034105778132817446, 0.0036874710175707854, 0.0035592166710778743, 0.0031153544949532297, 0.0026429700719846094, 0.0023587738911142746, 0.0022929830435478226, 0.0023271694830207163, 0.0024253677342663317, 0.0024675763551742663, 0.002390285991505303, 0.0022151643813598017, 0.002034058752894216, 0.001899901710615303, 0.001813712768457336, 0.0018065451227581304, 0.0018115359646633513, 0.0018291158266545617, 0.0018033998197032066, 0.0017704404861594227, 0.0017095155501352284, 0.0016825762419776158, 0.001665453223617058, 0.0016627943568389594, 0.001668137421018511, 0.0016547040496078108, 0.0016355043420573255, 0.0016191952809748028, 0.0015985315992980578, 0.0015896803950916625, 0.001580333939202912, 0.0015632941748416926, 0.0015635712330167835, 0.001562679613533929, 0.0015384191824046082, 0.0015402962469742813, 0.0015331504407251327, 0.0015267176220440486, 0.0015277130209624726, 0.001522276903314835, 0.0015162819692895887, 0.0015275794289136583, 0.0015089924988151626, 0.0015185224307181302, 0.0015195531105540322, 0.0015157062923072616, 0.0015071668763109868, 0.0015078941160730646, 0.0015009671124212897, 0.001508822967234011, 0.0014991418758242582, 0.001501320181440212, 0.0015054286863765479, 0.0015026704666786185, 0.0014897729008064929, 0.0014925631697711571, 0.0014964736199253419, 0.0014817171800207572, 0.0014745390009860513, 0.0014763784566533993, 0.0014660277616783195, 0.0014612987277018246, 0.001461014111052931, 0.00145735448558856, 0.0014532234391727542, 0.001443115236348272, 0.0014385595330479682, 0.0014325953998798452, 0.0014275109452627681, 0.0014270404406800062, 0.0014186434117171563, 0.0014174139416244045, 0.0014149002603497047, 0.0014092769428447032, 0.0014056547354194156, 0.0014057040474382719, 0.0014071487078767331, 0.0014037307770215285, 0.0013954680336147897, 0.0014007776832202891, 0.0014014960908541939, 0.0013936122235242608, 0.0014017756300906327, 0.0013990393199492246, 0.0013972109312947983, 0.001396456166705662, 0.001396307898929744, 0.0013975942737644137, 0.0013997515527472333, 0.0014032111678450004, 0.0013996832991193836]","[0.005529083117105804, 0.0033194589387666395, 0.0021532125090463804, 0.0018681678390079228, 0.002182374191521616, 0.0026453370113273733, 0.0028156573925126383, 0.002583852077445404, 0.0021849478605193095, 0.0018949555066813315, 0.0018164286860725381, 0.0019102199553194773, 0.002077807989585531, 0.0022141638641747143, 0.002246595105504269, 0.0021649023599840784, 0.002018369463077941, 0.0018751831024189244, 0.001783617361510111, 0.001757789513219025, 0.0017808104691269633, 0.0018173105941809058, 0.0018325290440551036, 0.0018154097769593636, 0.0017815872132624653, 0.0017553959208141481, 0.0017500852521222371, 0.0017636434365688198, 0.0017823023506655144, 0.001790467404714366, 0.001783389772114518, 0.0017676464004370456, 0.001754171868074931, 0.0017478174874098501, 0.0017472778870417111, 0.0017480987122865741, 0.0017477726080239965, 0.001746860343021351, 0.0017469412228860125, 0.0017487732373730658, 0.0017506756057328247, 0.001751613832631527, 0.00175130850914354, 0.001750851130614487, 0.0017510539472133822, 0.0017517596012452147, 0.0017526583735841315, 0.00175360169589192, 0.0017547773448033975, 0.0017558190917882782, 0.0017568061152565201, 0.0017578448162536946, 0.0017585782596462784, 0.0017592522525484418, 0.0017597707676711481, 0.0017600287485018292, 0.0017602440049093995, 0.0017603117880503555, 0.0017604299943771336, 0.001760502682952722, 0.0017605579092300364, 0.0017607913117159853, 0.001760965155611572, 0.001760960700486756, 0.0017611787156815958, 0.001761651312635577, 0.001761833405388253, 0.001762224804574194, 0.0017627105327926904, 0.0017633375553107195, 0.001763966032380627, 0.0017644888683027782, 0.0017650274746631692, 0.00176539618757318, 0.0017658626298665756, 0.0017662846846608342, 0.0017668122354035194, 0.0017676379321818496, 0.0017683297404661202, 0.00176873397412147, 0.0017691236948799136, 0.0017688098954609954, 0.0017684454835214458, 0.0017680662983496273, 0.0017680477512140686, 0.0017679751534680171, 0.0017677822827034026, 0.0017679947867201497, 0.0017681211702638194, 0.0017680768173054925, 0.001768048076793183, 0.0017676934833986337, 0.0017673897219228222, 0.001767126890027302, 0.0017669463074755866, 0.0017669650094051445]",128.0,4.0
37:38.9,ANN_nD_train_valid,../rnn_model/saved_pkl_model/ANN_nD.pkl,cuda:0,1e-06,64.0,20.0,4.0,0.028672231,0.001435447,0.030228717000000002,0.001741816,26/95,"[0.003690604898739009, 0.002647896176036859, 0.002831883775456217, 0.002080168449628625, 0.002227520892713013, 0.0021306543549244905, 0.0017945143861763015, 0.0018968843801579957, 0.0018336601932893266, 0.0016753291955619062, 0.0017588395777786182, 0.001676315405709638, 0.001616915786646574, 0.0016496240100900524, 0.0015561500836282103, 0.0015778386291986054, 0.0015300064203290793, 0.0015175699006164066, 0.0015110944703900517, 0.0014930444242798038, 0.0015021894843953029, 0.0014823771195064262, 0.0014761878371763542, 0.001454943370071461, 0.0014541201159687332, 0.0014444054499942584, 0.0014354472687900148, 0.0014307318271063166, 0.0014218154192248678, 0.0014208078362531343, 0.0014074348392111677, 0.0014052571412381711, 0.0014013232724697366, 0.0013938924733122287, 0.0013885179057637569, 0.001386386687894357, 0.0013760195873633995, 0.001368261703922933, 0.0013636943430109824, 0.0013593160876945094, 0.0013507961487533905, 0.0013513454266319575, 0.001340528832715087, 0.0013411785194519083, 0.0013355297785450431, 0.0013378101056287302, 0.001325887679675522, 0.001327643901925246, 0.0013262303869268285, 0.0013243639330348792, 0.0013268557664982007, 0.0013176453613691567, 0.001317358262854942, 0.001314924269636774, 0.0013131715792413924, 0.0013089616997141742, 0.0013074628463354558, 0.0013063001312644772, 0.001303439038208794, 0.0013014234353862805, 0.0013001237301932885, 0.0012993481087701611, 0.001297571708400636, 0.0012967870874621118, 0.0012913692325484832, 0.0012956580378048286, 0.0012876479896119903, 0.0012908903050599157, 0.0012907604524513285, 0.0012915445678514938, 0.0012891754657235923, 0.0012897354449680621, 0.0012884853500679896, 0.0012887467333380627, 0.001290503543453003, 0.001287834147037681, 0.0012895410582333166, 0.0012916413218475033, 0.0012932507292617071, 0.0012897430653478024, 0.001285724206641059, 0.0012883000795855522, 0.001286859861099115, 0.0012887503566845573, 0.0012873584566668746, 0.0012904323443888753, 0.0012899645421208907, 0.001287195923350988, 0.0012948733975709473, 0.0012888256222452165, 0.001289813014394372, 0.001289961415790639, 0.0012903101951300645, 0.0012902707830766082, 0.0012940402224387213, 0.0012912143210594886]","[0.0019150904966978826, 0.0026662591397045897, 0.002044216518617839, 0.0018963435431942344, 0.002229117925258374, 0.0018848570826166607, 0.0018243549140886618, 0.002015580700782056, 0.0017942742273150073, 0.0018301187422136765, 0.0019012836504031668, 0.0017572806835952368, 0.0018400805477810267, 0.0017943856988235243, 0.0017677138196202098, 0.0018069683145578172, 0.0017420163225884049, 0.0017956504188887366, 0.0017424012722375875, 0.001779618635287529, 0.001747053094812065, 0.0017704785172059968, 0.0017470633431982535, 0.0017619139078625856, 0.0017428643186576664, 0.0017576052527107134, 0.001741815581636319, 0.0017524107076626802, 0.0017446799371340362, 0.0017489608496192148, 0.001746461486858367, 0.001745214974917062, 0.0017506649287847371, 0.0017471793926433549, 0.001750392074937226, 0.0017523066777797355, 0.001751252153893462, 0.00175386614992621, 0.0017562310958465378, 0.0017593812279321334, 0.00176015404528928, 0.0017607581787640332, 0.0017624267454995968, 0.00176339908976333, 0.0017634133346491382, 0.0017655138329316217, 0.001766707121962579, 0.001768528643719197, 0.0017701257538347208, 0.0017706695720195197, 0.0017690004507120657, 0.001770098590046413, 0.001768924096333129, 0.0017677080193227463, 0.0017680376435496978, 0.0017663379408327023, 0.001766136803300949, 0.0017647850109714564, 0.0017637078193589472, 0.0017628070193465677, 0.001762807049409865, 0.0017600007787612931, 0.0017593169992963609, 0.0017584036251499348, 0.0017606915181993946, 0.0017596661090175365, 0.0017574150626967241, 0.0017572396817351027, 0.0017580110784415361, 0.001757251079562683, 0.0017544728426191097, 0.0017560852261689992, 0.0017586386932704884, 0.001754943617225553, 0.0017549792684583955, 0.0017580971004093413, 0.001757989008783025, 0.0017579227876542442, 0.0017580277213550448, 0.001759573785910526, 0.0017578290809959092, 0.0017593452837420525, 0.0017582703532732942, 0.0017586844847895778, 0.0017586627995574867, 0.0017598869399280176, 0.0017599914169225555, 0.0017576609862262158, 0.0017586045208960199, 0.0017596184062403065, 0.0017615659949165043, 0.0017594434033086585, 0.0017631670292518051, 0.0017625357089615377, 0.0017615867641774918, 0.0017645736621529028]",256.0,4.0
30:25.5,ANN_nD_train_valid,../rnn_model/saved_pkl_model/ANN_nD.pkl,cuda:0,1e-06,64.0,10.0,4.0,0.029690562,0.0015446379999999999,0.029933134,0.001754666,21/95,"[0.003175631955327744, 0.0028696277645771594, 0.002234687456585858, 0.0023510070982034116, 0.001977201444431316, 0.0020565984607288272, 0.0018556233648550362, 0.0018714329630434925, 0.0017406573677975787, 0.00177388621728291, 0.0016517359663691187, 0.001680147165859643, 0.0016115283318898172, 0.0016459283207990846, 0.0016003970306968697, 0.0015993637469525126, 0.0015947639949244153, 0.0015689584571940216, 0.0015718413366375295, 0.0015638024052244852, 0.0015448534508101972, 0.001544637623556905, 0.0015308494777392947, 0.0015175682722490527, 0.0015179260449936789, 0.0015063128216727252, 0.0015009261803760692, 0.0014961033973338606, 0.0014833452614816678, 0.0014742045719253712, 0.001469994716678144, 0.0014680767285853665, 0.0014607232499440608, 0.0014575397131388276, 0.0014486322237322756, 0.0014442799336956144, 0.001438980935288089, 0.0014355514203043891, 0.0014343537423677371, 0.0014323315149667101, 0.0014269240906408045, 0.001426907232769595, 0.0014262863499812206, 0.0014226718196961824, 0.0014205510404542378, 0.0014164827689103967, 0.0014073323845626652, 0.0014016716173420357, 0.0014018210036054932, 0.0014012034801388087, 0.001391776375445532, 0.0013929444287378774, 0.001388897718147771, 0.0013840263828413962, 0.001381688724106013, 0.0013739468096639672, 0.0013776777187704484, 0.0013757321130721033, 0.0013690775170927426, 0.0013666450626793117, 0.001369260365686261, 0.00136359501324558, 0.0013576270367638902, 0.00135602691893862, 0.0013563672814824366, 0.0013549756580315407, 0.0013558545638035304, 0.0013550100065008815, 0.0013536669182699194, 0.0013518589469977238, 0.0013525920970885094, 0.0013516406082928962, 0.0013503498317048632, 0.0013485006793165445, 0.0013482715062686443, 0.0013473218664506357, 0.0013458696160226216, 0.0013471590750593467, 0.0013467020305961844, 0.0013459867272636653, 0.0013458956012409695, 0.001343663037562928, 0.0013482442744094261, 0.001343999831752018, 0.001343160289151913, 0.0013401567574477245, 0.0013418822053714414, 0.001342308586135311, 0.0013408330344731368, 0.001339105681936869, 0.0013409015720643267, 0.0013411239602214538, 0.0013384395984878752, 0.001341214738766925, 0.001340196204554413, 0.00133894953474104]","[0.0019873338252572076, 0.0021454244110078275, 0.001986993383360351, 0.0020366592235494772, 0.0018357201933523045, 0.0019320146216509433, 0.001819544396961906, 0.001896698597132914, 0.0017954240352232623, 0.0018406881103906166, 0.0018081887910439336, 0.0018121851614553604, 0.0018057006623616422, 0.0017711382824927568, 0.0018248013649289343, 0.001760149933013983, 0.0017898237859768854, 0.0017851077398837922, 0.0017571327664152525, 0.0017839115602987727, 0.0017774239083966957, 0.0017546661803243006, 0.0017734816148211913, 0.0017874197833557296, 0.0017675794149329374, 0.0017619204367152774, 0.0017747393998593748, 0.0017839929525187792, 0.0017877473248997806, 0.0017715335879884251, 0.0017674083809961902, 0.0017696681789347677, 0.0017755149593730304, 0.0017787145244745682, 0.0017730801182051937, 0.0017710309955393793, 0.0017739180884845964, 0.0017865727748977696, 0.0017915610371126824, 0.0017978731929171052, 0.0017875251040415285, 0.0017840628611988255, 0.001782755389205784, 0.001788392743597237, 0.0017982118290971842, 0.0017975070737660504, 0.001793912634289322, 0.0017894984799908004, 0.001795910405005318, 0.0018087599316489074, 0.0018014338981759334, 0.0017962535858604607, 0.0017914370739842754, 0.0017954426245753664, 0.0017971287533937656, 0.0017874029408730975, 0.0017848497161969215, 0.0017936939436297577, 0.0017895076704047784, 0.0017854062447600723, 0.0017864112716659412, 0.0017850604541548578, 0.0017827060342264862, 0.0017796154658484098, 0.0017826729652389965, 0.0017834833706729114, 0.00178265371449435, 0.001781811345378858, 0.0017828023429591578, 0.001779886197355054, 0.0017805127183916968, 0.0017827845806675543, 0.0017820774496962817, 0.0017821235687134193, 0.0017830288104180778, 0.0017824331797393306, 0.001782297781683955, 0.0017853827634058729, 0.0017845798782738192, 0.0017832101931652198, 0.0017843605473299847, 0.0017870892872931538, 0.0017861491523345338, 0.0017842383176385128, 0.0017854906253997687, 0.0017866920136109731, 0.001786976903651401, 0.0017890677183539003, 0.0017894442413247877, 0.0017886890250687988, 0.001788719173438929, 0.001788281206844968, 0.001787004801112094, 0.0017877451680181036, 0.0017896147533115205, 0.0017891209387056693]",256.0,4.0
30:32.5,ANN_nD_train_valid,../rnn_model/saved_pkl_model/ANN_nD.pkl,cuda:0,1e-06,64.0,40.0,4.0,0.028319515,0.0013903070000000001,0.030286399,0.001734265,24/95,"[0.004856428391380117, 0.0024922957345249954, 0.0025342895963469166, 0.0028417955831188573, 0.002164231790964933, 0.0019141247730129437, 0.002158284539465181, 0.0021815312661261524, 0.0018313257981458074, 0.0016602646614943433, 0.0017793582713004417, 0.0017567221639636604, 0.001557043142142058, 0.0015704837341346568, 0.0016342276911099037, 0.0015238298569519558, 0.0014679224818552796, 0.001519458082380738, 0.0014699923691734508, 0.0014314550278873449, 0.0014653314429675835, 0.0014283075939007413, 0.0014143751929656001, 0.0014189732534465203, 0.001390307117189046, 0.0013828665747531686, 0.0013836539886411992, 0.00136850402742712, 0.0013645607475036565, 0.001359598134377316, 0.00135461040021119, 0.0013591836813200068, 0.0013442212134313323, 0.0013403426767120503, 0.0013388166635573283, 0.0013314011378389192, 0.0013334880445289253, 0.0013229087926447392, 0.0013209333876470347, 0.0013132291390312903, 0.0013104085995908569, 0.00130210769600738, 0.0012951326304001841, 0.0012960889551806628, 0.0012926759928402972, 0.0012853440492919586, 0.0012854357458679444, 0.0012789967724952816, 0.0012765590595197542, 0.001275870081719651, 0.001273112027800108, 0.0012687927983002093, 0.0012693445454932068, 0.001265266306996294, 0.0012670430826239927, 0.0012653862876582818, 0.0012670408517065513, 0.001265620975626163, 0.0012669522214327471, 0.0012672244396365127, 0.0012642323231992732, 0.0012683639892343422, 0.0012638019072149888, 0.0012631428055852197, 0.0012650403811356409, 0.0012639385704183307, 0.0012637880791063806, 0.00126318611401982, 0.0012597597426337568, 0.0012668981989187773, 0.001260140877367975, 0.0012586194269844121, 0.0012599922220965646, 0.00125312988183247, 0.0012501107388204402, 0.0012495217464639809, 0.0012507862395315413, 0.0012514620741708024, 0.0012484251963648006, 0.0012428275752268277, 0.00124354402091576, 0.0012444420032386367, 0.0012430930942286663, 0.0012400259842342823, 0.0012414747587252935, 0.0012420618326475436, 0.0012410506019188178, 0.001244874932310464, 0.0012396976706143623, 0.0012396295789378977, 0.0012449174834005122, 0.001245780174628189, 0.0012416903223323834, 0.001245328164085426, 0.0012507529099216462, 0.0012509273376426766]","[0.0028127137377547723, 0.0018439837757291066, 0.002575682441238314, 0.0023476264154952435, 0.001790235015667147, 0.001982100569229159, 0.0022901458303547567, 0.0021100008161738515, 0.0017891154728002017, 0.0018377153312839154, 0.0019928477665719885, 0.0018426443314334998, 0.0017511814554584109, 0.0018722222846311828, 0.001863560255797994, 0.0017426504546569454, 0.0017797569679613742, 0.0018081731240575513, 0.0017396210996796274, 0.001761005808495813, 0.0017821180019786374, 0.0017346244104879183, 0.0017516421697412927, 0.0017551349443642216, 0.0017342654496638312, 0.0017539038316398445, 0.001745165837281901, 0.0017395950620993973, 0.0017480769537441018, 0.0017385195882525296, 0.001746076944982633, 0.0017446610869632827, 0.0017424281085065255, 0.001744148851139471, 0.0017409348491734514, 0.0017441044289929172, 0.0017434597364626824, 0.0017427344489583953, 0.001743623603316438, 0.0017439921942746473, 0.0017460948871707337, 0.0017461417391637546, 0.001748068157919786, 0.0017460737028159202, 0.0017457958246167335, 0.001746897779068806, 0.001748052992237111, 0.0017483271477330062, 0.001748823842111354, 0.0017477805486931983, 0.001748482788550771, 0.0017512788827944961, 0.001750708240756972, 0.001753551520070889, 0.0017555074539915142, 0.0017568614398543205, 0.0017587965341388351, 0.0017574931365541286, 0.0017587046242422528, 0.001758575784171828, 0.001758223092959573, 0.0017597657007475695, 0.0017580697953235359, 0.0017575715189903146, 0.0017564047341390202, 0.0017563908781287156, 0.0017571387489119339, 0.0017551459074537786, 0.0017557074923792648, 0.0017535913864978486, 0.0017602969633622302, 0.0017510037565241672, 0.0017549123731441796, 0.0017533630210285385, 0.0017537858641137266, 0.0017451471681447907, 0.0017565367322984254, 0.0017500040787530855, 0.001751025872848307, 0.0017490871645148016, 0.001751031945200844, 0.001752229639613587, 0.0017472896951302472, 0.0017574107015712393, 0.001743616268504411, 0.0017585929269747188, 0.001755722526124575, 0.0017534008637691537, 0.001746790861296985, 0.0017667033935948792, 0.001745774984980623, 0.0017522118759289798, 0.0017648605940242608, 0.0017535126412339095, 0.0017532667242145786, 0.0017845399955856718]",256.0,4.0
33:11.5,ANN_nD_train_valid,../rnn_model/saved_pkl_model/ANN_nD.pkl,cuda:0,1e-06,64.0,40.0,4.0,0.026586065,0.001251503,0.030480909,0.001743467,36/95,"[0.0028869346612316253, 0.0020210684178438337, 0.0023636325453395162, 0.0016705019256342563, 0.001865815755348766, 0.0018471283705936037, 0.0014364220575401121, 0.0016495712569700631, 0.001568949575615928, 0.0013365872606436447, 0.0014995091634743185, 0.001495653311941267, 0.0013363156330622114, 0.0014314514361038143, 0.001484735142645991, 0.0013630281833266204, 0.001385411873867431, 0.0014632126365445163, 0.0013838055180166423, 0.0013580132602169655, 0.0014138675021998315, 0.0013944302579785319, 0.001339776462577335, 0.001373691198130982, 0.0013750031202840632, 0.001328975084615701, 0.0013306453458673303, 0.0013380580705234528, 0.001303688425008321, 0.0012968044759966227, 0.0013056521910536838, 0.0012842180636915227, 0.0012712750878633927, 0.001276755159194491, 0.0012610188004602047, 0.0012519260463072631, 0.0012515031810336518, 0.0012433891974059333, 0.001241992925580106, 0.001243361101809559, 0.0012352191730224402, 0.0012347543295447062, 0.0012316064419898196, 0.0012251603866313323, 0.001226933721234955, 0.0012241559641028128, 0.0012188909670152286, 0.0012191663310125243, 0.0012191520878720068, 0.0012165032221724142, 0.0012194349334079906, 0.001212336435956607, 0.0012163948936844528, 0.0012121283106758696, 0.0012138949549457682, 0.0012113413700274092, 0.0012097162830803307, 0.0012092830544244756, 0.001211818943891437, 0.0012040226573545043, 0.0012061821346473042, 0.0012043350654489095, 0.0012005593429688477, 0.0011990218541979626, 0.001199804178059844, 0.0012010271050528704, 0.0011977785656491805, 0.0011934288861255814, 0.0011955402003681168, 0.001196642790358627, 0.0011922444737389932, 0.0011933950748916333, 0.0011891160767210694, 0.0011880100727948125, 0.001186492419292134, 0.00118387199537132, 0.0011886947801519816, 0.0011862102048497368, 0.0011825718037549334, 0.0011842118208864163, 0.001183711050221454, 0.0011830260074849645, 0.0011842968006853087, 0.0011849761677717589, 0.001185303936400283, 0.0011826135658973781, 0.0011799048841672941, 0.001183963734030961, 0.0011803131822078717, 0.0011812416577667844, 0.0011830981583798876, 0.0011819522896229478, 0.0011810549037270454, 0.0011809343069667962, 0.0011831436656451581, 0.0011789090183261688]","[0.0019802134341767265, 0.0025643122330721883, 0.0022487091922408177, 0.0019040015855959307, 0.0024040242463039857, 0.0019360593339014384, 0.0019126479352255248, 0.0021764525807359152, 0.0018325984290438807, 0.0018328996504553491, 0.0020157695437471074, 0.001820763310469273, 0.0017845757687205656, 0.001934354062218012, 0.0018435305572994467, 0.0017459915653388533, 0.0018389009463135153, 0.0018347341735433372, 0.001747550244262028, 0.0018003856362257566, 0.0018430188020122135, 0.0017722117307130247, 0.001761401530691526, 0.0018021044554188848, 0.0017772324493206624, 0.0017682523958178031, 0.001808521677351867, 0.001802039344329387, 0.0017674305747884015, 0.001767906194112988, 0.0017685073518401218, 0.001762009803335079, 0.0017681884889801343, 0.0017740685117637945, 0.0017566782719869581, 0.001743990911765852, 0.0017434667388442904, 0.0017489537971818612, 0.001759043749835756, 0.0017611783334157533, 0.0017498027093501554, 0.0017463700160280698, 0.0017523837418088482, 0.0017528391145687136, 0.0017628070102849354, 0.0017566249595903274, 0.0017528010842700799, 0.0017498418242515375, 0.0017555008881673631, 0.0017519916032647921, 0.0017637007649884456, 0.0017542356741614639, 0.0017529619527825466, 0.0017554485491321733, 0.0017560145429645975, 0.0017553207393373467, 0.0017596966645214707, 0.0017605690718887168, 0.001754538726527244, 0.001761712844017893, 0.0017504156903467244, 0.0017672857030346576, 0.001753089589247894, 0.0017627136600721213, 0.001766053649933181, 0.0017621397629328486, 0.0017683054333449237, 0.0017655340417857385, 0.001766365996768905, 0.0017688095621350738, 0.0017560157989565696, 0.001766268892161962, 0.001753031261291148, 0.0017644873613284694, 0.001750861641873295, 0.0017597126095400502, 0.001759955306382229, 0.0017516851056522378, 0.0017696423274982307, 0.001754661047986398, 0.001757816370162699, 0.0017597184788125256, 0.00175940676450005, 0.0017632156882124643, 0.001762286237984275, 0.0017644411256899023, 0.00175870212001933, 0.0017637392447795719, 0.0017634858732991335, 0.0017645143205299973, 0.001776253216020349, 0.0017603987258755498, 0.0017947506243621723, 0.0017623966786130848, 0.0017952971580800497, 0.0017629280938611677]",256.0,3.0
34:54.1,ANN_nD_train_valid,../rnn_model/saved_pkl_model/ANN_nD.pkl,cuda:0,1e-06,64.0,40.0,4.0,0.026403977999999998,0.001256802,0.030075037000000002,0.0017342689999999999,14/95,"[0.0018636105579538194, 0.0018041652099711825, 0.0014889879680078713, 0.0015803728419694007, 0.0013778929990765295, 0.001462872980492721, 0.0013712105311265014, 0.0013418857032727253, 0.0013742456978530083, 0.001289898605270368, 0.0013278621549452359, 0.001296148408743504, 0.0012708288558418257, 0.0012976723356131164, 0.001256801569324833, 0.0012660410578963746, 0.0012581089511191229, 0.0012421746324835516, 0.0012529477136212187, 0.0012322029578073822, 0.0012445293961562361, 0.0012261568345490667, 0.0012285078124664311, 0.0012217651758539049, 0.0012213468506166046, 0.001219084162434042, 0.0012157572466567922, 0.0012142599113362936, 0.0012125651822283534, 0.0012105136985279144, 0.0012061195312599313, 0.0012065112959062088, 0.001204064202951551, 0.0012008170548883212, 0.0012006548186893112, 0.0011963891146002839, 0.0011981302937441132, 0.0011951331716092753, 0.0011948442806997994, 0.0011952112590406514, 0.0011939217887594368, 0.0011924813802088314, 0.0011883072019425683, 0.0011890665786031252, 0.001189837441682929, 0.0011878790900787116, 0.0011895172950331834, 0.0011876429964200054, 0.001186275227966659, 0.0011870980122799977, 0.0011861853651738523, 0.001185922752846538, 0.0011840999010986446, 0.0011845831509351915, 0.0011834720171564916, 0.001182870371486486, 0.0011849002923927376, 0.0011839434692192399, 0.0011809657676431797, 0.0011820556659450099, 0.0011828280914409752, 0.0011823799646874873, 0.0011819318264859556, 0.0011842014318670035, 0.001185262835825796, 0.0011820619794607184, 0.0011853072298897065, 0.0011839280158108477, 0.0011824247284748506, 0.0011824618593191114, 0.0011837797892767512, 0.0011812390774421373, 0.0011855627271769842, 0.0011890386126437572, 0.0011911389981964062, 0.0011878930770087772, 0.0011900102729661458, 0.0011912865686447068, 0.0011941169945192923, 0.0011896338043579642, 0.0011936062000436486, 0.0011944888614974607, 0.0011925367669749314, 0.0011974341810714463, 0.001195915607532997, 0.001201173787874652, 0.0012052029650529378, 0.0012094648904812076, 0.001210789111542188, 0.0012056662923904068, 0.0012099706644251673, 0.0012066391046117691, 0.0012114916612404472, 0.0012020162525045017, 0.0012025978652259897, 0.0012088451011124431]","[0.0019063029878048433, 0.002006806994581388, 0.001903661576539485, 0.0018957075818131367, 0.0018050789994756794, 0.0019110720591723092, 0.0017474955103049675, 0.0018436042126268148, 0.001775255717156041, 0.0017582500806181795, 0.0018104098387993872, 0.0017415389256914043, 0.0017776454177995523, 0.0017628187203728076, 0.001734269290075948, 0.0017746327225015394, 0.0017410719113993562, 0.0017551651813038107, 0.001743267565810432, 0.001749370971487628, 0.0017559420336813977, 0.001737040654471558, 0.001750286022434011, 0.0017460623135169347, 0.0017512858534852664, 0.0017396000472621785, 0.001750444712686456, 0.0017440914428637673, 0.0017501999766358898, 0.001749751586208327, 0.0017510497910229283, 0.0017532860258749376, 0.0017526500748418685, 0.001755016377945948, 0.0017537124105729163, 0.0017474786857039565, 0.0017557901537252796, 0.001751754235657346, 0.0017498628611469435, 0.0017598035027428219, 0.001754723844351247, 0.0017525766478178816, 0.001767118848187642, 0.0017536905322534343, 0.0017599194304138007, 0.0017649913316644314, 0.0017507015604577545, 0.0017755473291294443, 0.0017547811420323947, 0.0017632428252707338, 0.00176428838684741, 0.0017589697782467637, 0.0017678959359828798, 0.0017521811118866835, 0.0017682855754780273, 0.0017597274524935832, 0.0017608084580084929, 0.0017520071026713897, 0.0017701907516715842, 0.0017676523071713745, 0.0017505108449970268, 0.0017708995418312648, 0.0017619080149516876, 0.0017685608957738925, 0.0017535949934325697, 0.0017701802102641927, 0.001774531221922694, 0.0017547349962923262, 0.0017683891113847495, 0.0017647521363364327, 0.0017739734444249834, 0.0017578149680048227, 0.0017623748235766673, 0.0017745987531573822, 0.0017600997920251555, 0.0017763487852385474, 0.0017668546837133665, 0.0017673181977847384, 0.0017730925128691727, 0.0017697170583738221, 0.0017728345565653095, 0.0017998263614976571, 0.0017543956520967186, 0.00178892508136212, 0.0017790972643221417, 0.0017866123713449471, 0.0017695168059112297, 0.0018061341193970292, 0.0017877305657344146, 0.0017939447612863862, 0.0017717742813854582, 0.0017902690276969224, 0.0018054008322198772, 0.001799633357829104, 0.001767497562751588, 0.0017876691340158383]",256.0,6.0
2019-12-10 16:59:15.170081,ANN_nD_train_test,../rnn_model/saved_pkl_model/ANN_nD.pkl,cuda:0,1e-06,64.0,40.0,4.0,0.02654684727645152,0.0012396976706143625,0.02749590092487093,0.0013470007401918047,88/95,"[0.004856428391380117, 0.0024922957345249954, 0.0025342895963469166, 0.0028417955831188573, 0.002164231790964933, 0.0019141247730129437, 0.002158284539465181, 0.0021815312661261524, 0.0018313257981458074, 0.0016602646614943433, 0.0017793582713004417, 0.0017567221639636604, 0.001557043142142058, 0.0015704837341346568, 0.0016342276911099037, 0.0015238298569519558, 0.0014679224818552796, 0.001519458082380738, 0.0014699923691734508, 0.0014314550278873449, 0.0014653314429675835, 0.0014283075939007413, 0.0014143751929656001, 0.0014189732534465203, 0.001390307117189046, 0.0013828665747531686, 0.0013836539886411992, 0.00136850402742712, 0.0013645607475036565, 0.001359598134377316, 0.00135461040021119, 0.0013591836813200068, 0.0013442212134313323, 0.0013403426767120503, 0.0013388166635573283, 0.0013314011378389192, 0.0013334880445289253, 0.0013229087926447392, 0.0013209333876470347, 0.0013132291390312903, 0.0013104085995908569, 0.00130210769600738, 0.0012951326304001841, 0.0012960889551806628, 0.0012926759928402972, 0.0012853440492919586, 0.0012854357458679444, 0.0012789967724952816, 0.0012765590595197542, 0.001275870081719651, 0.001273112027800108, 0.0012687927983002093, 0.0012693445454932068, 0.001265266306996294, 0.0012670430826239927, 0.0012653862876582818, 0.0012670408517065513, 0.001265620975626163, 0.0012669522214327471, 0.0012672244396365127, 0.0012642323231992732, 0.0012683639892343422, 0.0012638019072149888, 0.0012631428055852197, 0.0012650403811356409, 0.0012639385704183307, 0.0012637880791063806, 0.00126318611401982, 0.0012597597426337568, 0.0012668981989187773, 0.001260140877367975, 0.0012586194269844121, 0.0012599922220965646, 0.00125312988183247, 0.0012501107388204402, 0.0012495217464639809, 0.0012507862395315413, 0.0012514620741708024, 0.0012484251963648006, 0.0012428275752268277, 0.00124354402091576, 0.0012444420032386367, 0.0012430930942286663, 0.0012400259842342823, 0.0012414747587252935, 0.0012420618326475436, 0.0012410506019188178, 0.001244874932310464, 0.0012396976706143623, 0.0012396295789378977, 0.0012449174834005122, 0.001245780174628189, 0.0012416903223323834, 0.001245328164085426, 0.0012507529099216462, 0.0012509273376426766]","[0.0025760911125014873, 0.001552472165212089, 0.0022561185979756756, 0.0020133029801123166, 0.0014477821979739203, 0.0016385968597403364, 0.0019464357756078243, 0.001762727103398546, 0.0014367601091879, 0.0014826235103258944, 0.0016379758632957828, 0.0014902853324293983, 0.0014035626056442118, 0.001526952318786441, 0.0015143266106294334, 0.0013856985580945468, 0.0014174039968275938, 0.0014438395923260005, 0.0013756505264293241, 0.0013980689193661985, 0.0014192392388223739, 0.0013692264075633948, 0.0013830577456932244, 0.001384559281480809, 0.0013626221916638315, 0.0013806734974766016, 0.0013689674028748836, 0.0013600064169925947, 0.001366334543833374, 0.0013554644597140882, 0.0013618211817009833, 0.0013584343225533223, 0.0013551301992687302, 0.0013576384348646345, 0.0013548153143821528, 0.0013567393728315938, 0.0013556077703496144, 0.0013553727505917566, 0.0013567753898762705, 0.0013564445409059956, 0.0013579272562165515, 0.001357180482296246, 0.0013578902741057286, 0.0013570637396617751, 0.0013563959358219543, 0.0013575897454216645, 0.0013578856360518198, 0.0013578125888117306, 0.0013569779432567673, 0.0013562009553425014, 0.0013560983639183469, 0.0013567118110823567, 0.001356730004772544, 0.0013578373026035294, 0.0013583552225600874, 0.0013594560964586403, 0.0013611779583658538, 0.0013615677168633304, 0.0013612368797033053, 0.0013608653925062306, 0.001360812550916782, 0.0013607954328029375, 0.0013596316667921517, 0.0013589788096673462, 0.0013586853443563957, 0.0013582769020433552, 0.0013579082223114328, 0.0013576754785574756, 0.0013569711262117262, 0.0013564955358784916, 0.0013587872010142798, 0.001356088572377474, 0.0013563802788047578, 0.0013557653368005285, 0.0013552401434171243, 0.0013517875863792565, 0.0013563846848716123, 0.0013530377907664988, 0.0013524877713939202, 0.001349867339266221, 0.0013500586821886616, 0.0013529531188660126, 0.0013482534753469129, 0.001352565546951972, 0.0013473961397708542, 0.0013522368811907759, 0.0013535020112033017, 0.001351668930484279, 0.0013470007401918047, 0.0013573187001832368, 0.0013501512517720678, 0.0013484636952668645, 0.0013607330519058135, 0.0013505002809351013, 0.0013573071784407332, 0.0013705457837415347]",256.0,4.0
2019-12-10 16:59:22.816792,ANN_nD_train_test,../rnn_model/saved_pkl_model/ANN_nD.pkl,cuda:0,1e-06,64.0,40.0,4.0,0.025842291620299426,0.0011863594692860862,0.027469470314141632,0.0013418553744618227,65/95,"[0.0020781505418879464, 0.0017555356457819157, 0.0016210722537721581, 0.001539556117705134, 0.0015025783495956882, 0.0014535998412823288, 0.0014494137294781381, 0.0014313037740711608, 0.0014185467112546276, 0.001419430642796376, 0.0014035917239372008, 0.0013917462046998566, 0.0013705996473686165, 0.0013642711206945561, 0.0013569575814089102, 0.0013421986423306415, 0.0013220820531127794, 0.0013164516863764014, 0.0013101407355136157, 0.0012936552699817825, 0.001290386603142901, 0.0012752152979373932, 0.0012729375892759937, 0.001265316834632008, 0.0012625873824413814, 0.0012574165932436852, 0.001251102097679466, 0.0012508660593260998, 0.00124701867305733, 0.0012429776284495404, 0.0012412920779318979, 0.0012379990370784192, 0.0012319881845990561, 0.001230055556749961, 0.001226898326784878, 0.001222869318102453, 0.0012196247705188773, 0.0012198389239204206, 0.0012186106839062456, 0.0012144435644072386, 0.0012098287867183522, 0.001212872239087716, 0.0012092820131361815, 0.001208098540940371, 0.0012036564619953736, 0.0012038973867286957, 0.0012032256174350153, 0.0011998756983449008, 0.0012023228927195548, 0.001199182867713613, 0.0012017790459669156, 0.0011995912589509443, 0.0011962944281499039, 0.0011977529712085848, 0.0011929180816530542, 0.0011906718791377345, 0.00119262802642912, 0.0011946619604391734, 0.0011904859966005087, 0.0011916999970214477, 0.0011899461107098927, 0.0011910092294567015, 0.001185397436930037, 0.0011882304381308278, 0.0011879963509434024, 0.0011863594692860862, 0.0011866290955559204, 0.0011843185451970413, 0.001185539890425099, 0.001188086065234116, 0.0011857709232421072, 0.0011843406971624002, 0.0011868720714240193, 0.0011840225049033967, 0.0011868500457096257, 0.0011875502027666655, 0.0011841549600637067, 0.0011882654231923976, 0.001187025520201112, 0.0011877587800032854, 0.0011870271880682712, 0.0011847539254402292, 0.0011854327693026916, 0.0011874875376243505, 0.0011873312971368948, 0.001187370975412831, 0.0011877142295365188, 0.0011894230761789713, 0.0011906859697451571, 0.0011878480144435865, 0.0011900750213300092, 0.001188181645599377, 0.0011909696851712536, 0.0011900834635369625, 0.0011903425266481214, 0.001189532440473065]","[0.0015241787203695571, 0.0014166868185503004, 0.0014148531945597758, 0.0013930421555414796, 0.0014091666705191028, 0.001391083644905492, 0.001401811007214575, 0.0013778709605727615, 0.001411801098636689, 0.0014192081339981246, 0.001422968414693099, 0.001423158446677785, 0.0014161024068860147, 0.0013858709067605653, 0.0013582551500935485, 0.0013742932309126616, 0.0013897409527630045, 0.0013605944510292857, 0.0013712835565641306, 0.0013674462055517495, 0.0013577640613379037, 0.0013709093968761895, 0.0013598295618725967, 0.0013618609434385123, 0.0013556227449030764, 0.001362852042750118, 0.001356302070485401, 0.0013544646435943635, 0.0013574637545178225, 0.0013537162466082668, 0.0013530006897095861, 0.0013531088218281882, 0.0013533640312084901, 0.0013510582182367427, 0.0013510582022085462, 0.0013533093708405352, 0.0013487147921493845, 0.001352373883465602, 0.0013473087709154124, 0.0013507583028420913, 0.0013503320692309542, 0.0013518063672075884, 0.0013495347246635652, 0.0013528016465041192, 0.0013495275296905227, 0.00135002103448589, 0.0013474245383606656, 0.001351265634065899, 0.001351623149737176, 0.0013446187730406182, 0.0013471098314714281, 0.001350788159997783, 0.001347525582642065, 0.0013464608666676002, 0.001346951121957028, 0.0013475369778461754, 0.0013454611070683577, 0.0013459693721455076, 0.0013472216998469894, 0.0013474166212751923, 0.001345098380546045, 0.001343807362465431, 0.0013449946047225292, 0.0013441937128621814, 0.001343810613658549, 0.0013418553744618227, 0.0013434234044879026, 0.0013451323476687505, 0.00134605376397435, 0.0013420486559524484, 0.0013439119059551992, 0.0013453359487871437, 0.0013429755901755846, 0.0013430958016492102, 0.001342970183611834, 0.0013433247905872438, 0.0013431366566784573, 0.00134592895662628, 0.0013428643916099184, 0.00134187629547618, 0.0013458556166607077, 0.0013477029101720648, 0.0013460291598491588, 0.0013420287480888267, 0.0013470284149820066, 0.0013510246341035743, 0.001342380512168334, 0.001345171728103921, 0.0013483532905187187, 0.0013507091958224234, 0.0013435924724351776, 0.0013478399554699442, 0.0013529655061311264, 0.0013461334561672656, 0.0013428627904774487, 0.001347863929433937]",512.0,4.0
2019-12-10 17:02:32.871696,ANN_nD_train_valid,../rnn_model/saved_pkl_model/ANN_nD.pkl,cuda:0,1e-06,64.0,40.0,4.0,0.02785421612767961,0.0013569575814089102,0.03014303574131595,0.0017285468845835163,14/95,"[0.0020781505418879464, 0.0017555356457819157, 0.0016210722537721581, 0.001539556117705134, 0.0015025783495956882, 0.0014535998412823288, 0.0014494137294781381, 0.0014313037740711608, 0.0014185467112546276, 0.001419430642796376, 0.0014035917239372008, 0.0013917462046998566, 0.0013705996473686165, 0.0013642711206945561, 0.0013569575814089102, 0.0013421986423306415, 0.0013220820531127794, 0.0013164516863764014, 0.0013101407355136157, 0.0012936552699817825, 0.001290386603142901, 0.0012752152979373932, 0.0012729375892759937, 0.001265316834632008, 0.0012625873824413814, 0.0012574165932436852, 0.001251102097679466, 0.0012508660593260998, 0.00124701867305733, 0.0012429776284495404, 0.0012412920779318979, 0.0012379990370784192, 0.0012319881845990561, 0.001230055556749961, 0.001226898326784878, 0.001222869318102453, 0.0012196247705188773, 0.0012198389239204206, 0.0012186106839062456, 0.0012144435644072386, 0.0012098287867183522, 0.001212872239087716, 0.0012092820131361815, 0.001208098540940371, 0.0012036564619953736, 0.0012038973867286957, 0.0012032256174350153, 0.0011998756983449008, 0.0012023228927195548, 0.001199182867713613, 0.0012017790459669156, 0.0011995912589509443, 0.0011962944281499039, 0.0011977529712085848, 0.0011929180816530542, 0.0011906718791377345, 0.00119262802642912, 0.0011946619604391734, 0.0011904859966005087, 0.0011916999970214477, 0.0011899461107098927, 0.0011910092294567015, 0.001185397436930037, 0.0011882304381308278, 0.0011879963509434024, 0.0011863594692860862, 0.0011866290955559204, 0.0011843185451970413, 0.001185539890425099, 0.001188086065234116, 0.0011857709232421072, 0.0011843406971624002, 0.0011868720714240193, 0.0011840225049033967, 0.0011868500457096257, 0.0011875502027666655, 0.0011841549600637067, 0.0011882654231923976, 0.001187025520201112, 0.0011877587800032854, 0.0011870271880682712, 0.0011847539254402292, 0.0011854327693026916, 0.0011874875376243505, 0.0011873312971368948, 0.001187370975412831, 0.0011877142295365188, 0.0011894230761789713, 0.0011906859697451571, 0.0011878480144435865, 0.0011900750213300092, 0.001188181645599377, 0.0011909696851712536, 0.0011900834635369625, 0.0011903425266481214, 0.001189532440473065]","[0.0018315171383114326, 0.001761813790977208, 0.0017695149258037822, 0.0017484105838876632, 0.0017614481886590106, 0.0017459911443034393, 0.0017600417512262034, 0.00173540901289218, 0.001768026256468147, 0.0017774187914458, 0.0017823432843821743, 0.001787522036789192, 0.001778355550615945, 0.0017524418919088525, 0.0017285468845835163, 0.0017513291683927592, 0.001770643009028087, 0.0017423605028953817, 0.001758199542786719, 0.0017579511480612887, 0.0017490864724903886, 0.0017642655940208998, 0.0017548484844155609, 0.0017569093512267702, 0.0017516371153760701, 0.0017579891984092278, 0.0017522954705378247, 0.0017498950525704356, 0.0017525506309337086, 0.0017531117501979074, 0.001750262448978093, 0.001750658009485859, 0.0017534670698094285, 0.0017496333515737207, 0.001749133835417322, 0.0017543855187897052, 0.0017473226251442813, 0.0017530544861478524, 0.0017477136370467228, 0.0017537095105378993, 0.00175454389795454, 0.0017538562779211336, 0.001751801197598171, 0.0017608178423769358, 0.0017533220667650716, 0.0017534566338225784, 0.0017492184396057078, 0.0017575065521264655, 0.0017586696252692492, 0.0017466682481527742, 0.0017512606961342196, 0.0017590641445066365, 0.0017538828962844694, 0.0017486696985239785, 0.0017546352923899476, 0.0017536457291700775, 0.0017524243442393426, 0.0017509499325468723, 0.0017509039672505525, 0.0017570312619985392, 0.0017488105778789354, 0.001752635257758407, 0.0017501967422301984, 0.0017520697347612846, 0.0017505997268017382, 0.0017503078904054644, 0.0017535450583737757, 0.0017517842494675683, 0.0017578203276368892, 0.0017460606339025414, 0.0017549732945755952, 0.001753411302343011, 0.0017539044467007948, 0.0017550383759145107, 0.0017457815152334257, 0.0017560926660533166, 0.0017494472765570714, 0.0017553661063882625, 0.0017519268388342527, 0.001746076340916463, 0.0017581699306093571, 0.0017567598002238406, 0.001752447441039193, 0.0017499253024450606, 0.0017522311484855083, 0.0017632563682531731, 0.0017522833665781137, 0.0017509999723794559, 0.0017591543722018186, 0.0017597748205945309, 0.0017486725765694347, 0.0017596485843468044, 0.0017635810143676483, 0.0017569132996464354, 0.0017501491878647358, 0.001756290430461781]",512.0,4.0
2019-12-10 17:02:45.038547,ANN_nD_train_valid,../rnn_model/saved_pkl_model/ANN_nD.pkl,cuda:0,1e-06,64.0,40.0,4.0,0.0264304501734612,0.0012313339945026918,0.03053903676983383,0.0017411739416679161,39/95,"[0.0019148994399069543, 0.001706724513678133, 0.0016458850783499738, 0.001581507912318421, 0.0015612243041989505, 0.0015198897874792857, 0.0014932697804624065, 0.0014642059365725995, 0.0014465059062796245, 0.0014299882643267904, 0.0014066801956594197, 0.001398435634028146, 0.0013965235480011913, 0.0013810741203034765, 0.001368899381599567, 0.001368392318380104, 0.0013525074136951664, 0.001355900902106295, 0.0013428713814832704, 0.0013315840063157422, 0.0013203359579208238, 0.0013212251326667759, 0.001310100019335427, 0.0012999531560463939, 0.001295826338338627, 0.0012909389096776595, 0.0012847390069388926, 0.0012890730100590993, 0.0012757099672785633, 0.0012710981886547544, 0.0012717833694127333, 0.0012633918013508817, 0.0012580296458415893, 0.0012512292678743973, 0.0012457518307221254, 0.001240310329302805, 0.0012378710408506713, 0.0012362518694788382, 0.0012285521276839532, 0.0012313339945026918, 0.0012286587520257423, 0.0012219082115868163, 0.0012199809309417625, 0.0012134576159583564, 0.001217347510427319, 0.001216978566731401, 0.0012099195031160257, 0.0012151778198667695, 0.0012085325632197911, 0.0012070586973571649, 0.0012099105286556412, 0.0012026120865990992, 0.0012029664719301867, 0.0012014263330177091, 0.0012055083058343638, 0.0012062092157212342, 0.0012046641739823151, 0.001204868070258813, 0.0012052838527404, 0.0012077284466353996, 0.0012051795399360813, 0.0012078687786950197, 0.001209713356412039, 0.0012123412473599357, 0.0012162086388439331, 0.0012146843385423464, 0.0012198524040729838, 0.0012210477395060567, 0.0012186685182964249, 0.0012293064372144494, 0.0012273125992533222, 0.0012363524497370558, 0.0012341825803612822, 0.0012367931554168772, 0.0012432526312691065, 0.001247985815110815, 0.0012566977665228176, 0.0012570740348708473, 0.0012576109073460205, 0.001265620602516669, 0.0012680943391009793, 0.001269200962995259, 0.0012715413813012293, 0.0012704439168096807, 0.0012739055439793708, 0.0012787429529108065, 0.0012713698994360576, 0.001274542357557172, 0.0012740679372261973, 0.0012745276579460506, 0.0012703775100918213, 0.0012679613657151233, 0.0012660802376180515, 0.0012603335155411482, 0.001259789286810812, 0.0012585074635005848]","[0.0018347914207778456, 0.0019490651896275166, 0.001758695712002615, 0.0018384305430420985, 0.0018502745137084276, 0.0017848788197928418, 0.001757235792077457, 0.001744984387834039, 0.0017450075706518773, 0.0017689255143826207, 0.0017756162560544908, 0.001773513625246576, 0.0017715990924949032, 0.0017649866866930905, 0.001758775559331601, 0.0017695445994225642, 0.0017498163926777327, 0.0017588733540227016, 0.0017942297647500203, 0.0017843893004788293, 0.0017758184688217524, 0.0017472976437097208, 0.0017811618797067138, 0.0017659110974313484, 0.0017517551346423312, 0.0017598288929245125, 0.001779418921796605, 0.001765525900474232, 0.0017459255720799168, 0.0017687480398712473, 0.0017921771899434842, 0.001759611089558651, 0.0017808002659067926, 0.0017710774509598398, 0.001760813544711305, 0.001774477059694214, 0.0017535213503934858, 0.001767627222256528, 0.0017631225223239098, 0.0017411739416679161, 0.0017773437261995341, 0.0017490732360682967, 0.0017565453690218014, 0.0017607047261359791, 0.0017543162316239129, 0.0017494674060597188, 0.0017636326322745947, 0.0017606927547603845, 0.0017467601683973852, 0.001770810789376911, 0.0017561092597639396, 0.0017477022121763892, 0.0017531173530086462, 0.0017654474274927958, 0.0017550512288127922, 0.0017479703380053656, 0.0017625516002428615, 0.0017618208767897967, 0.0017516785999760031, 0.0017504607773541163, 0.0017614273457891411, 0.0017554759086730579, 0.0017568396811839192, 0.001764619684157272, 0.001762758549820218, 0.0017564036838141166, 0.0017563827167679038, 0.0017698511733518292, 0.001761154470861786, 0.0017678655283008184, 0.0017665778642468569, 0.0017652953024177502, 0.0017698832852248516, 0.0017685211444687513, 0.0017612037733973315, 0.0017765599859154058, 0.0017783353085784861, 0.001762489382074111, 0.0017837645692957772, 0.0017738318025496685, 0.0017621067223242588, 0.00177459675922162, 0.0017802731741944121, 0.0017673218946179581, 0.00176658611291916, 0.0017794963360453645, 0.0017707172464320642, 0.0017601277355829047, 0.0017757645445979303, 0.001774626615871158, 0.0017705579760432658, 0.00177853011021701, 0.0017775556137267915, 0.0017753600214038873, 0.0017714385428310683, 0.0017818020643769867]",1024.0,4.0
2019-12-10 17:06:25.464908,ANN_nD_train_valid,../rnn_model/saved_pkl_model/ANN_nD.pkl,cuda:0,1e-06,64.0,40.0,4.0,0.02907158604660523,0.0014773215334269107,0.03027449200550715,0.0017498984680666277,1/55,"[0.001608338397269723, 0.0014773215334269107, 0.0013940597873392652, 0.0013486577000874004, 0.0013397779677532758, 0.0013194761825583545, 0.0012884947371029313, 0.0012843009162503308, 0.0013003041603347064, 0.0012709964995486584, 0.0012656216617026096, 0.0012676279852876229, 0.0012687837815949295, 0.0012738988683184923, 0.0012990842240222747, 0.0013011404246393685, 0.0012977416960875971, 0.0013013055942787523, 0.0012923797913065949, 0.0012974390910662338, 0.001359171736011555, 0.0013226269068095803, 0.0013080326065684248, 0.0013323033997954135, 0.0013498824086218266, 0.0013680724419686953, 0.0013569221208504093, 0.0013762109876169187, 0.0013677570704432654, 0.0013509371886777993, 0.0014218691822884403, 0.0015747752746856072, 0.0014112623036939681, 0.0015315941439482314, 0.0015203152925751257, 0.0014129900060712755, 0.0013771329400480475, 0.0013424606582309814, 0.0013167667710557683, 0.001318278629429525, 0.0012892163624674846, 0.0012888038025296955, 0.0012949475197191157, 0.0012965807338100742, 0.0012977536346239665, 0.0013094457631306388, 0.0012800249948625522, 0.0012810842918975077, 0.0012976417636919324, 0.0012921445485116743, 0.001281902780291983, 0.001299698346125483, 0.0013017942201813111, 0.0012766122403606215, 0.0012618741767101733, 0.0012589665166865983]","[0.0018849682890706592, 0.0017498984680666277, 0.001899498158470831, 0.0017718473630439905, 0.0018921140038097898, 0.0017586831805399723, 0.0017584509688377795, 0.0018055473855282697, 0.0017609547034630345, 0.001796658753624393, 0.0017991572165758246, 0.0018049533045591992, 0.001781726614960159, 0.001836920447466481, 0.0018018175408037172, 0.0017818763367055605, 0.001865184287695835, 0.001844454283774313, 0.0019038122050308933, 0.0018032531790797496, 0.0019137456993727634, 0.001810912758163694, 0.0018263596148851017, 0.001907978296124687, 0.0019888004436830267, 0.0018227693915832787, 0.0019229305520032842, 0.0019914081333101625, 0.0018174081374632402, 0.0017866637874653355, 0.002186999072889901, 0.0018803043724296407, 0.001993069105083123, 0.0021671917056664824, 0.0019186697175933255, 0.001939887579323517, 0.0018599882456732707, 0.0018596375574513027, 0.001866448205611151, 0.0017844760809869816, 0.0018280407653138455, 0.0018325997257812156, 0.001836493420543977, 0.0018415608786098246, 0.001897590624867007, 0.001904559375381925, 0.001893645880692121, 0.0017770362157736802, 0.001835281212374361, 0.0018725532630924136, 0.0018698294039091303, 0.001818635560468667, 0.0018608734891232518, 0.0018491855634945548, 0.0017950238769925716, 0.0018045460572466254]",1024.0,6.0
